id,event_id,event_ts,event_date,user_pseudo_id,session_id,event_name,source_medium,page_location,transaction_id,items,value,currency,is_mobile,user_agent,ingested_at
1,e4729480b9e14271,"2025-08-09 16:49:06.823990",2025-08-09,user_4fmyzy,2169,purchase,"email / mkt",https://site.test/pdp,tx-a5e13236c0,3,1979.15,USD,1,"Mozilla/5.0 (iPhone; CPU iPhone OS 17_5 like Mac OS X)","2025-08-10 23:02:06"
2,c33b4daba0d145cf,"2025-08-07 09:18:06.823990",2025-08-07,user_32oc6u,6155,add_to_cart,"email / mkt",http://example.com/contact,NULL,NULL,NULL,BRL,0,"Mozilla/5.0 (iPhone; CPU iPhone OS 17_5 like Mac OS X)","2025-08-10 23:02:06"
3,c6054fb722ab49d3,"2025-08-07 11:42:06.823990",2025-08-07,user_0t0pvn,3266,add_to_cart,"email / mkt",http://site.test/home,NULL,NULL,NULL,BRL,0,"Mozilla/5.0 (Windows NT 10.0; Win64; x64)","2025-08-10 23:02:06"
4,ff854baf6e80401e,"2025-08-14 10:02:06.825123",2025-08-14,user_t84azy,5371,random_event,"unknown / ???",://no-scheme,NULL,NULL,NULL,R$,1,"Mozilla/5.0 (iPhone; CPU iPhone OS 17_5 like Mac OS X)","2025-08-10 23:02:06"
5,88148bd9c10746ac,"2025-08-10 04:37:06.823990",2025-08-10,user_5jsg65,5889,add_to_cart,"direct / (none)",https://site.test/plp,NULL,NULL,NULL,BRL,1,"Mozilla/5.0 (Linux; Android 13)","2025-08-10 23:02:06"
6,04c7717ae44e4682,"2025-08-08 20:44:06.823990",2025-08-08,user_a753lc,2290,page_view,"referral / partner",http://example.com/home,NULL,NULL,NULL,USD,0,"Mozilla/5.0 (Linux; Android 13)","2025-08-10 23:02:06"
7,73ee05add5064fad,"2025-08-07 00:34:06.823990",2025-08-07,user_j5pht0,4295,add_to_cart,"direct / (none)",http://site.test/contact,NULL,NULL,NULL,EUR,0,"Mozilla/5.0 (Macintosh; Intel Mac OS X 10_15_7)","2025-08-10 23:02:06"
8,fbe7adf3539e4ff4,"2025-08-06 18:33:06.823990",2025-08-06,user_icatva,1964,purchase,"referral / partner",https://example.com/,tx-c2d3560f77,5,483.63,USD,0,"Mozilla/5.0 (Windows NT 10.0; Win64; x64)","2025-08-10 23:02:06"
9,851a5ccff84b4360,"2025-08-06 20:05:06.823990",2025-08-06,user_05uiro,2545,purchase,"facebook / cpc",http://example.com/about,tx-86cb51b103,7,1460.86,EUR,1,"Mozilla/5.0 (iPhone; CPU iPhone OS 17_5 like Mac OS X)","2025-08-10 23:02:06"
10,a601c7c1086845dc,"2025-08-10 05:27:06.823990",2025-08-10,user_m5igqp,5563,page_view,"google / cpc",https://shop.local/home,NULL,NULL,NULL,USD,1,"Mozilla/5.0 (Windows NT 10.0; Win64; x64)","2025-08-10 23:02:06"
11,dcbe922711ee4aa3,"2025-08-06 14:46:06.823990",2025-08-06,user_74frho,1960,page_view,"referral / partner",http://example.com/,NULL,NULL,NULL,BRL,0,"Mozilla/5.0 (Macintosh; Intel Mac OS X 10_15_7)","2025-08-10 23:02:06"
12,2545e2a5ab0546dc,"2025-08-10 01:08:06.823990",2025-08-10,user_89uzfk,1958,purchase,"email / mkt",https://site.test/about,tx-54540ae4c2,5,1839.58,USD,1,"Mozilla/5.0 (iPhone; CPU iPhone OS 17_5 like Mac OS X)","2025-08-10 23:02:06"
13,331a68b4fbce4e03,"2025-08-06 11:23:06.823990",2025-08-06,user_yie6iv,7868,view_page,NULL,,NULL,NULL,NULL,###,1,"Mozilla/5.0 (Macintosh; Intel Mac OS X 10_15_7)","2025-08-10 23:02:06"
14,a3f59e80a631457d,"2025-08-06 19:54:06.823990",2025-08-06,user_kl1cq9,2200,!!!,NULL,,NULL,NULL,NULL,BRLZ,1,"Mozilla/5.0 (Macintosh; Intel Mac OS X 10_15_7)","2025-08-10 23:02:06"
15,0c9d9d965d464090,"2025-08-07 11:23:06.823990",2025-08-07,user_nf4zw9,9666,add_to_cart,"email / mkt",http://example.com/home,NULL,NULL,NULL,BRL,0,"Mozilla/5.0 (Linux; Android 13)","2025-08-10 23:02:06"
16,76ba1e95e9374797,"2025-08-14 05:38:06.826333",2025-08-14,user_zhwjr6,2512,!!!,NULL,just-text,NULL,NULL,NULL,NULL,0,"Mozilla/5.0 (Windows NT 10.0; Win64; x64)","2025-08-10 23:02:06"
17,6c5a64ba622f4b95,"2025-08-14 09:35:06.826524",2025-08-14,user_tpac56,7049,signup,NULL,,NULL,NULL,NULL,,1,"Mozilla/5.0 (iPhone; CPU iPhone OS 17_5 like Mac OS X)","2025-08-10 23:02:06"
18,06f6331cb6e74ff3,"2025-08-08 03:49:06.823990",2025-08-08,user_6246hi,2684,add_to_cart,"google / cpc",http://shop.local/plp,NULL,NULL,NULL,USD,0,"Mozilla/5.0 (Linux; Android 13)","2025-08-10 23:02:06"
19,91266bb862774393,"2025-08-06 05:25:06.823990",2025-08-06,user_g72oy0,5065,add_to_cart,"facebook / cpc",https://shop.local/home,NULL,NULL,NULL,USD,1,"Mozilla/5.0 (Windows NT 10.0; Win64; x64)","2025-08-10 23:02:06"
20,231659e75bcc4794,"2025-08-10 17:31:06.823990",2025-08-10,user_7m35ix,7528,purchase,"facebook / cpc",http://shop.local/home,tx-2a66ad1605,3,1286.55,BRL,0,"Mozilla/5.0 (Macintosh; Intel Mac OS X 10_15_7)","2025-08-10 23:02:06"
21,964c3903409b4ef4,"2025-08-06 05:48:06.823990",2025-08-06,user_e8g8jd,8119,purchase,"referral / partner",http://shop.local/contact,tx-e34aae9b43,4,1800.01,USD,0,"Mozilla/5.0 (Windows NT 10.0; Win64; x64)","2025-08-10 23:02:06"
22,a9d9fac9b560427f,"2025-08-10 02:48:06.823990",2025-08-10,user_ps3y70,4228,add_to_cart,"email / mkt",http://shop.local/home,NULL,NULL,NULL,BRL,0,"Mozilla/5.0 (Macintosh; Intel Mac OS X 10_15_7)","2025-08-10 23:02:06"
23,7de2aebb04ad414d,"2025-08-07 19:02:06.823990",2025-08-07,user_ylztgx,3851,view_page,NULL,,NULL,NULL,NULL,NULL,1,"Mozilla/5.0 (iPhone; CPU iPhone OS 17_5 like Mac OS X)","2025-08-10 23:02:06"
24,a3f59e80a631457d,"2025-08-10 13:18:06.823990",2025-08-10,user_xqphr6,3780,view_page,"unknown / ???",NULL,NULL,NULL,NULL,BRLZ,1,"Mozilla/5.0 (Macintosh; Intel Mac OS X 10_15_7)","2025-08-10 23:02:06"
25,07105f73b2c242dd,"2025-08-07 20:24:06.823990",2025-08-07,user_ihair4,2193,page_view,"facebook / cpc",http://shop.local/pdp,NULL,NULL,NULL,EUR,0,"Mozilla/5.0 (iPhone; CPU iPhone OS 17_5 like Mac OS X)","2025-08-10 23:02:06"
26,111eeda5f85a4e3e,"2025-08-06 22:10:06.823990",2025-08-06,user_xa11dp,3881,purchase,"direct / (none)",http://site.test/,tx-cf884e61bd,4,275.34,BRL,1,"Mozilla/5.0 (Windows NT 10.0; Win64; x64)","2025-08-10 23:02:06"
27,7aabdfec51e44076,"2025-08-09 11:19:06.823990",2025-08-09,user_l1p36p,9976,purchase,"referral / partner",https://shop.local/search,tx-06a789ab05,7,1278.95,EUR,1,"Mozilla/5.0 (Linux; Android 13)","2025-08-10 23:02:06"
28,434ea213af69475f,"2025-08-08 14:05:06.823990",2025-08-08,user_ckjlte,4788,purchase,"facebook / cpc",https://shop.local/pdp,tx-79fe150ac5,3,1089.80,USD,1,"Mozilla/5.0 (iPhone; CPU iPhone OS 17_5 like Mac OS X)","2025-08-10 23:02:06"
29,a1f89e671c104851,"2025-08-10 19:45:06.823990",2025-08-10,user_p6vz41,7232,purchase,"google / cpc",https://shop.local/about,tx-b0b1299612,7,1784.37,BRL,1,"Mozilla/5.0 (iPhone; CPU iPhone OS 17_5 like Mac OS X)","2025-08-10 23:02:06"
30,1e07654884c34b54,"2025-08-10 06:20:06.823990",2025-08-10,user_tvhhpb,6507,purchase,"referral / partner",http://site.test/plp,tx-c58d6e2dcf,5,1072.91,EUR,0,"Mozilla/5.0 (Linux; Android 13)","2025-08-10 23:02:06"
31,bb09951c89a74689,"2025-08-09 20:33:06.823990",2025-08-09,user_axeqbn,4467,purchase,"referral / partner",http://shop.local/about,tx-b61559ce1d,3,1506.50,EUR,0,"Mozilla/5.0 (iPhone; CPU iPhone OS 17_5 like Mac OS X)","2025-08-10 23:02:06"
32,b64c8043146343f1,"2025-08-08 18:14:06.823990",2025-08-08,user_at9mx2,1659,purchase,"email / mkt",https://example.com/pdp,tx-196894dbab,2,261.18,BRL,0,"Mozilla/5.0 (Linux; Android 13)","2025-08-10 23:02:06"
33,b4e5f25992dd4642,"2025-08-08 17:31:06.823990",2025-08-08,user_z1gv0e,3683,page_view,"referral / partner",https://shop.local/,NULL,NULL,NULL,BRL,0,"Mozilla/5.0 (iPhone; CPU iPhone OS 17_5 like Mac OS X)","2025-08-10 23:02:06"
34,611455fb84844a90,"2025-08-09 10:52:06.823990",2025-08-09,user_ywd14v,2983,purchase,"facebook / cpc",https://site.test/about,tx-f91d4959e3,1,1016.86,BRL,1,"Mozilla/5.0 (Macintosh; Intel Mac OS X 10_15_7)","2025-08-10 23:02:06"
35,0b2a8dfcd6554d01,"2025-08-10 18:18:06.823990",2025-08-10,user_rpn6qf,3885,begin_checkout,"google / cpc",http://site.test/search,NULL,NULL,NULL,USD,1,"Mozilla/5.0 (Macintosh; Intel Mac OS X 10_15_7)","2025-08-10 23:02:06"
36,98d854b124114fcc,"2025-08-07 11:19:06.823990",2025-08-07,user_uymrlr,5232,!!!,"unknown / ???",://no-scheme,NULL,NULL,NULL,NULL,1,"Mozilla/5.0 (Macintosh; Intel Mac OS X 10_15_7)","2025-08-10 23:02:06"
37,a7d92930f59948c8,"2025-08-06 13:43:06.823990",2025-08-06,user_iotirz,8342,page_view,"referral / partner",https://example.com/checkout,NULL,NULL,NULL,BRL,1,"Mozilla/5.0 (Linux; Android 13)","2025-08-10 23:02:06"
38,fb0449fa976542a6,"2025-08-08 18:38:06.823990",2025-08-08,user_tm9tmq,6023,begin_checkout,"referral / partner",https://shop.local/home,NULL,NULL,NULL,USD,0,"Mozilla/5.0 (Macintosh; Intel Mac OS X 10_15_7)","2025-08-10 23:02:06"
39,082b00b292ad4404,"2025-08-07 03:18:06.823990",2025-08-07,user_g0jv1v,2647,page_view,"referral / partner",http://example.com/pdp,NULL,NULL,NULL,EUR,1,"Mozilla/5.0 (Macintosh; Intel Mac OS X 10_15_7)","2025-08-10 23:02:06"
40,9461484e13bf4fe8,"2025-08-07 15:29:06.823990",2025-08-07,user_bbk7w1,2680,page_view,"referral / partner",http://example.com/search,NULL,NULL,NULL,BRL,1,"Mozilla/5.0 (Macintosh; Intel Mac OS X 10_15_7)","2025-08-10 23:02:06"
41,e14d30351d2b4802,"2025-08-14 03:09:06.828905",2025-08-14,user_ocwbfu,5066,random_event,"unknown / ???",NULL,NULL,NULL,NULL,BRLZ,1,"Mozilla/5.0 (iPhone; CPU iPhone OS 17_5 like Mac OS X)","2025-08-10 23:02:06"
42,9fd2feb1e8c049f7,"2025-08-08 15:32:06.823990",2025-08-08,user_6kvpuc,2625,add_to_cart,"referral / partner",https://example.com/checkout,NULL,NULL,NULL,USD,0,"Mozilla/5.0 (Linux; Android 13)","2025-08-10 23:02:06"
43,7de0de3e37e049a3,"2025-08-06 12:16:06.823990",2025-08-06,user_foyqbk,5632,add_to_cart,"facebook / cpc",http://site.test/home,NULL,NULL,NULL,EUR,0,"Mozilla/5.0 (Macintosh; Intel Mac OS X 10_15_7)","2025-08-10 23:02:06"
44,dba02fed8dfc4d8f,"2025-08-09 04:23:06.823990",2025-08-09,user_ifjfc2,5728,add_to_cart,"direct / (none)",https://shop.local/search,NULL,NULL,NULL,BRL,0,"Mozilla/5.0 (iPhone; CPU iPhone OS 17_5 like Mac OS X)","2025-08-10 23:02:06"
45,70cc44e8cf834f3e,"2025-08-14 09:25:06.829217",2025-08-14,user_0vaiy4,1339,!!!,NULL,://no-scheme,NULL,NULL,NULL,R$,1,"Mozilla/5.0 (Linux; Android 13)","2025-08-10 23:02:06"
46,9529bbd137ff4827,"2025-08-08 14:24:06.823990",2025-08-08,user_6gvwrd,6700,purchase,"referral / partner",http://shop.local/about,tx-bbe5e65df8,3,829.17,EUR,0,"Mozilla/5.0 (Linux; Android 13)","2025-08-10 23:02:06"
47,cbf134c6227e4672,"2025-08-08 08:42:06.823990",2025-08-08,user_3tqll8,7622,purchase,"email / mkt",https://site.test/search,tx-d7c2d30f64,5,729.94,EUR,1,"Mozilla/5.0 (Linux; Android 13)","2025-08-10 23:02:06"
48,b380f66ecd364038,"2025-08-06 19:55:06.823990",2025-08-06,user_pze9vi,NULL,purchaseX,"unknown / ???",,NULL,NULL,NULL,NULL,1,"Mozilla/5.0 (iPhone; CPU iPhone OS 17_5 like Mac OS X)","2025-08-10 23:02:06"
49,baf0193ff8154039,"2025-08-08 17:02:06.823990",2025-08-08,user_8xf7kz,7807,page_view,"facebook / cpc",http://shop.local/pdp,NULL,NULL,NULL,BRL,1,"Mozilla/5.0 (Linux; Android 13)","2025-08-10 23:02:06"
50,5c32b4d293af4e7c,"2025-08-06 20:40:06.823990",2025-08-06,user_j2o7s3,NULL,purchaseX,NULL,://no-scheme,NULL,NULL,NULL,###,0,"Mozilla/5.0 (iPhone; CPU iPhone OS 17_5 like Mac OS X)","2025-08-10 23:02:06"
51,35e1a4342d004040,"2025-08-08 20:09:06.823990",2025-08-08,user_mttqlg,4912,add_to_cart,"direct / (none)",http://site.test/pdp,NULL,NULL,NULL,EUR,0,"Mozilla/5.0 (iPhone; CPU iPhone OS 17_5 like Mac OS X)","2025-08-10 23:02:06"
52,61732f47cec442db,"2025-08-14 04:38:06.829832",2025-08-14,user_rbsv55,9617,signup,NULL,just-text,NULL,NULL,NULL,R$,1,"Mozilla/5.0 (Linux; Android 13)","2025-08-10 23:02:06"
53,c0b77b04facf469c,"2025-08-08 00:15:06.823990",2025-08-08,user_oclyt8,8994,purchaseX,"unknown / ???",,NULL,NULL,NULL,,1,"Mozilla/5.0 (Windows NT 10.0; Win64; x64)","2025-08-10 23:02:06"
54,13f6b395c0154746,"2025-08-10 07:59:06.823990",2025-08-10,user_d91zdf,5906,add_to_cart,"email / mkt",https://example.com/about,NULL,NULL,NULL,BRL,0,"Mozilla/5.0 (Macintosh; Intel Mac OS X 10_15_7)","2025-08-10 23:02:06"
55,8500b6dbeaaa41a2,"2025-08-06 21:54:06.823990",2025-08-06,user_ioyggv,7267,begin_checkout,"email / mkt",https://site.test/search,NULL,NULL,NULL,USD,0,"Mozilla/5.0 (Linux; Android 13)","2025-08-10 23:02:06"
56,ad8dd94fd20c459f,"2025-08-07 12:42:06.823990",2025-08-07,user_qy6qkt,2210,add_to_cart,"direct / (none)",http://shop.local/checkout,NULL,NULL,NULL,EUR,0,"Mozilla/5.0 (iPhone; CPU iPhone OS 17_5 like Mac OS X)","2025-08-10 23:02:06"
57,788f1a259356418b,"2025-08-07 05:13:06.823990",2025-08-07,user_94dnmk,5837,begin_checkout,"direct / (none)",http://example.com/checkout,NULL,NULL,NULL,USD,1,"Mozilla/5.0 (Windows NT 10.0; Win64; x64)","2025-08-10 23:02:06"
58,2da8481c31284824,"2025-08-07 09:27:06.823990",2025-08-07,user_mwwyzx,2591,view_page,"unknown / ???",NULL,NULL,NULL,NULL,BRLZ,1,"Mozilla/5.0 (iPhone; CPU iPhone OS 17_5 like Mac OS X)","2025-08-10 23:02:06"
59,ef5474782b3f4640,"2025-08-10 06:01:06.823990",2025-08-10,user_e6loh2,6994,page_view,"referral / partner",http://site.test/plp,NULL,NULL,NULL,USD,1,"Mozilla/5.0 (iPhone; CPU iPhone OS 17_5 like Mac OS X)","2025-08-10 23:02:06"
60,0e024b1a3ba64318,"2025-08-08 17:58:06.823990",2025-08-08,user_8f8409,6992,begin_checkout,"email / mkt",http://example.com/,NULL,NULL,NULL,BRL,1,"Mozilla/5.0 (Windows NT 10.0; Win64; x64)","2025-08-10 23:02:06"
61,7cd91b42323f4ecb,"2025-08-10 08:17:06.823990",2025-08-10,user_yv37di,1410,purchase,"email / mkt",http://site.test/pdp,tx-f89005c3e4,6,611.36,EUR,0,"Mozilla/5.0 (iPhone; CPU iPhone OS 17_5 like Mac OS X)","2025-08-10 23:02:06"
62,7e480fff20ab4712,"2025-08-06 08:13:06.823990",2025-08-06,user_8krd5e,8432,purchase,"google / cpc",http://shop.local/plp,tx-82f1265f8e,7,983.80,BRL,0,"Mozilla/5.0 (Windows NT 10.0; Win64; x64)","2025-08-10 23:02:06"
63,5784adad2ecd4a2e,"2025-08-10 00:16:06.823990",2025-08-10,user_np84dy,9920,purchase,"email / mkt",http://site.test/,tx-ce4e5b9a71,1,1898.53,BRL,1,"Mozilla/5.0 (Linux; Android 13)","2025-08-10 23:02:06"
64,792bed825f6244b9,"2025-08-09 11:33:06.823990",2025-08-09,user_bm92h3,4538,purchaseX,NULL,htp:/broken,NULL,NULL,NULL,,1,"Mozilla/5.0 (Linux; Android 13)","2025-08-10 23:02:06"
65,726a6787735146eb,"2025-08-06 19:46:06.823990",2025-08-06,user_t2d5em,4898,page_view,"email / mkt",http://site.test/,NULL,NULL,NULL,BRL,1,"Mozilla/5.0 (Windows NT 10.0; Win64; x64)","2025-08-10 23:02:06"
66,a112e25ef3de4976,"2025-08-06 17:33:06.823990",2025-08-06,user_0r2sds,1710,add_to_cart,"direct / (none)",http://site.test/search,NULL,NULL,NULL,EUR,0,"Mozilla/5.0 (Windows NT 10.0; Win64; x64)","2025-08-10 23:02:06"
67,bdb3092ca8564ee8,"2025-08-08 12:14:06.823990",2025-08-08,user_yr6ccv,2076,page_view,"direct / (none)",http://example.com/about,NULL,NULL,NULL,USD,1,"Mozilla/5.0 (Macintosh; Intel Mac OS X 10_15_7)","2025-08-10 23:02:06"
68,f6b40d2f7f8b4538,"2025-08-08 12:46:06.823990",2025-08-08,user_dz4x1z,4522,purchase,"referral / partner",http://shop.local/pdp,tx-93e0fa8364,4,837.82,EUR,1,"Mozilla/5.0 (iPhone; CPU iPhone OS 17_5 like Mac OS X)","2025-08-10 23:02:06"
69,61b3c6cab4f142b9,"2025-08-07 20:42:06.823990",2025-08-07,user_xnf7c3,2527,page_view,"email / mkt",https://shop.local/about,NULL,NULL,NULL,USD,0,"Mozilla/5.0 (Windows NT 10.0; Win64; x64)","2025-08-10 23:02:06"
70,fa022dd1c37a4f44,"2025-08-08 02:18:06.823990",2025-08-08,user_57p6bk,6119,begin_checkout,"google / cpc",https://shop.local/pdp,NULL,NULL,NULL,USD,1,"Mozilla/5.0 (iPhone; CPU iPhone OS 17_5 like Mac OS X)","2025-08-10 23:02:06"
71,0e53101b624c4ee7,"2025-08-10 21:27:06.823990",2025-08-10,user_uekipu,1430,add_to_cart,"google / cpc",http://site.test/,NULL,NULL,NULL,USD,1,"Mozilla/5.0 (Macintosh; Intel Mac OS X 10_15_7)","2025-08-10 23:02:06"
72,807ec4babd014b90,"2025-08-09 07:21:06.823990",2025-08-09,user_c08dtn,3578,!!!,NULL,://no-scheme,NULL,NULL,NULL,,1,"Mozilla/5.0 (Macintosh; Intel Mac OS X 10_15_7)","2025-08-10 23:02:06"
73,291ced52b27d410e,"2025-08-06 23:31:06.823990",2025-08-06,user_1bcppv,7785,page_view,"google / cpc",https://shop.local/home,NULL,NULL,NULL,BRL,1,"Mozilla/5.0 (Windows NT 10.0; Win64; x64)","2025-08-10 23:02:06"
74,a88d0fe96aa24404,"2025-08-09 01:58:06.823990",2025-08-09,user_ybovak,4460,begin_checkout,"referral / partner",http://example.com/checkout,NULL,NULL,NULL,USD,1,"Mozilla/5.0 (Windows NT 10.0; Win64; x64)","2025-08-10 23:02:06"
75,ee3f15f17a4a4875,"2025-08-06 19:40:06.823990",2025-08-06,user_nzs43c,1693,purchase,"direct / (none)",https://shop.local/search,tx-fcd8aa3401,5,864.28,BRL,0,"Mozilla/5.0 (Macintosh; Intel Mac OS X 10_15_7)","2025-08-10 23:02:06"
76,8bf02d25e7fc4df6,"2025-08-06 17:45:06.823990",2025-08-06,user_o8g8qy,6928,purchase,"direct / (none)",http://example.com/home,tx-0754adc03a,5,166.51,USD,1,"Mozilla/5.0 (iPhone; CPU iPhone OS 17_5 like Mac OS X)","2025-08-10 23:02:06"
77,08812535c4a74cfa,"2025-08-07 23:30:06.823990",2025-08-07,user_2cwtg1,6752,begin_checkout,"email / mkt",https://site.test/pdp,NULL,NULL,NULL,BRL,1,"Mozilla/5.0 (Macintosh; Intel Mac OS X 10_15_7)","2025-08-10 23:02:06"
78,ba95bafdea5d4965,"2025-08-06 22:54:06.823990",2025-08-06,user_1xg1r1,8354,add_to_cart,"facebook / cpc",http://site.test/about,NULL,NULL,NULL,EUR,1,"Mozilla/5.0 (Windows NT 10.0; Win64; x64)","2025-08-10 23:02:06"
79,ab3e33413a7b4f56,"2025-08-07 19:22:06.823990",2025-08-07,user_2vmcqb,7041,purchase,"direct / (none)",https://shop.local/home,tx-8bf18a796e,4,1164.86,EUR,0,"Mozilla/5.0 (iPhone; CPU iPhone OS 17_5 like Mac OS X)","2025-08-10 23:02:06"
80,fda9ef1cc18740a4,"2025-08-07 21:55:06.823990",2025-08-07,user_s8q349,NULL,signup,NULL,htp:/broken,NULL,NULL,NULL,###,1,"Mozilla/5.0 (iPhone; CPU iPhone OS 17_5 like Mac OS X)","2025-08-10 23:02:06"
81,aa26b1ce493847af,"2025-08-09 13:17:06.823990",2025-08-09,user_fnkomv,6482,purchase,"referral / partner",http://example.com/home,tx-827b89cc5f,3,511.47,EUR,1,"Mozilla/5.0 (iPhone; CPU iPhone OS 17_5 like Mac OS X)","2025-08-10 23:02:06"
82,331a68b4fbce4e03,"2025-08-14 08:44:06.833024",2025-08-14,user_ezduxl,NULL,view_page,"unknown / ???",,NULL,NULL,NULL,BRLZ,1,"Mozilla/5.0 (iPhone; CPU iPhone OS 17_5 like Mac OS X)","2025-08-10 23:02:06"
83,72b3932e3a1e446e,"2025-08-07 20:12:06.823990",2025-08-07,user_gh8rie,2264,begin_checkout,"google / cpc",https://shop.local/,NULL,NULL,NULL,USD,0,"Mozilla/5.0 (Linux; Android 13)","2025-08-10 23:02:06"
84,a774b259a2b34da8,"2025-08-07 02:43:06.823990",2025-08-07,user_313fpo,4891,purchase,"facebook / cpc",http://shop.local/search,tx-36b8c24e63,3,1931.54,BRL,1,"Mozilla/5.0 (Linux; Android 13)","2025-08-10 23:02:06"
85,1e1f1ab141024088,"2025-08-09 22:38:06.823990",2025-08-09,user_89qkns,3655,purchase,"facebook / cpc",https://example.com/checkout,tx-d9785318f3,7,748.71,USD,1,"Mozilla/5.0 (iPhone; CPU iPhone OS 17_5 like Mac OS X)","2025-08-10 23:02:06"
86,ff5cf5833fd34f6a,"2025-08-07 16:57:06.823990",2025-08-07,user_dfqs3d,4637,page_view,"referral / partner",http://shop.local/,NULL,NULL,NULL,BRL,1,"Mozilla/5.0 (iPhone; CPU iPhone OS 17_5 like Mac OS X)","2025-08-10 23:02:06"
87,1eb0dbfc9bf64026,"2025-08-06 13:10:06.823990",2025-08-06,user_nb74x2,3254,begin_checkout,"facebook / cpc",http://example.com/search,NULL,NULL,NULL,USD,0,"Mozilla/5.0 (Linux; Android 13)","2025-08-10 23:02:06"
88,3917d73e77d14876,"2025-08-06 02:45:06.823990",2025-08-06,user_6ahf7v,7934,purchase,"direct / (none)",http://example.com/pdp,tx-df9cf61e33,2,845.45,EUR,1,"Mozilla/5.0 (Windows NT 10.0; Win64; x64)","2025-08-10 23:02:06"
89,74f266b3572a4e17,"2025-08-10 20:16:06.823990",2025-08-10,user_6vasif,8032,purchase,"google / cpc",http://example.com/pdp,tx-248154cb68,6,1339.75,BRL,1,"Mozilla/5.0 (Linux; Android 13)","2025-08-10 23:02:06"
90,fb03508da7dd418c,"2025-08-09 04:19:06.823990",2025-08-09,user_s9toqw,7116,begin_checkout,"google / cpc",https://shop.local/about,NULL,NULL,NULL,EUR,0,"Mozilla/5.0 (Macintosh; Intel Mac OS X 10_15_7)","2025-08-10 23:02:06"
91,1ca236522a924098,"2025-08-10 06:24:06.823990",2025-08-10,user_1emmx3,8612,add_to_cart,"google / cpc",http://site.test/plp,NULL,NULL,NULL,EUR,0,"Mozilla/5.0 (Windows NT 10.0; Win64; x64)","2025-08-10 23:02:06"
92,3308dce8026041f0,"2025-08-07 05:33:06.823990",2025-08-07,user_bhb7s9,9897,purchase,"google / cpc",http://shop.local/,tx-2468e813cd,3,720.38,USD,0,"Mozilla/5.0 (Linux; Android 13)","2025-08-10 23:02:06"
93,a81b5d2ea6464897,"2025-08-06 19:01:06.823990",2025-08-06,user_2pop8m,4060,page_view,"email / mkt",http://shop.local/about,NULL,NULL,NULL,USD,0,"Mozilla/5.0 (Macintosh; Intel Mac OS X 10_15_7)","2025-08-10 23:02:06"
94,4adb20d6828442ba,"2025-08-08 12:49:06.823990",2025-08-08,user_v3tlcx,6021,page_view,"direct / (none)",http://shop.local/plp,NULL,NULL,NULL,BRL,0,"Mozilla/5.0 (Macintosh; Intel Mac OS X 10_15_7)","2025-08-10 23:02:06"
95,aa1ba7ee39e64b93,"2025-08-11 00:49:06.823990",2025-08-11,user_6wpx2c,7655,purchase,"google / cpc",https://shop.local/,tx-6699fba22f,1,261.20,EUR,1,"Mozilla/5.0 (iPhone; CPU iPhone OS 17_5 like Mac OS X)","2025-08-10 23:02:06"
96,639fefc1c55645b3,"2025-08-08 06:18:06.823990",2025-08-08,user_8bfqnp,2259,add_to_cart,"email / mkt",https://site.test/about,NULL,NULL,NULL,USD,1,"Mozilla/5.0 (Macintosh; Intel Mac OS X 10_15_7)","2025-08-10 23:02:06"
97,11f1420c05004b7a,"2025-08-10 06:28:06.823990",2025-08-10,user_gs6e1z,4515,add_to_cart,"google / cpc",http://site.test/search,NULL,NULL,NULL,BRL,1,"Mozilla/5.0 (Linux; Android 13)","2025-08-10 23:02:06"
98,53fc72b442da467b,"2025-08-10 03:25:06.823990",2025-08-10,user_qdy4lm,2063,page_view,"direct / (none)",http://site.test/checkout,NULL,NULL,NULL,BRL,0,"Mozilla/5.0 (Linux; Android 13)","2025-08-10 23:02:06"
99,c5f94e5ae35648f8,"2025-08-14 10:28:06.834773",2025-08-14,user_atn2tw,NULL,!!!,NULL,://no-scheme,NULL,NULL,NULL,NULL,1,"Mozilla/5.0 (iPhone; CPU iPhone OS 17_5 like Mac OS X)","2025-08-10 23:02:06"
100,ccc56ed8efae493b,"2025-08-06 12:06:06.823990",2025-08-06,user_elcqse,3981,purchase,"direct / (none)",http://example.com/,tx-17b5df2b1c,3,337.67,EUR,0,"Mozilla/5.0 (Linux; Android 13)","2025-08-10 23:02:06"
101,6f22016fe26e46bc,"2025-08-09 00:52:06.823990",2025-08-09,user_64jwte,5961,begin_checkout,"facebook / cpc",https://site.test/plp,NULL,NULL,NULL,USD,1,"Mozilla/5.0 (Linux; Android 13)","2025-08-10 23:02:06"
102,7a0023babba94a5a,"2025-08-06 07:39:06.823990",2025-08-06,user_bbxux1,1496,random_event,"unknown / ???",just-text,NULL,NULL,NULL,###,0,"Mozilla/5.0 (Macintosh; Intel Mac OS X 10_15_7)","2025-08-10 23:02:06"
103,f8731654a14d4a09,"2025-08-10 15:54:06.823990",2025-08-10,user_3oqyfo,8609,begin_checkout,"direct / (none)",http://example.com/plp,NULL,NULL,NULL,BRL,1,"Mozilla/5.0 (Macintosh; Intel Mac OS X 10_15_7)","2025-08-10 23:02:06"
104,55dc464c72234496,"2025-08-10 09:53:06.823990",2025-08-10,user_nulqji,2586,begin_checkout,"direct / (none)",http://example.com/contact,NULL,NULL,NULL,BRL,0,"Mozilla/5.0 (iPhone; CPU iPhone OS 17_5 like Mac OS X)","2025-08-10 23:02:06"
105,f27f0ca5cc43474b,"2025-08-09 08:54:06.823990",2025-08-09,user_zgf9q5,9148,add_to_cart,"facebook / cpc",https://example.com/contact,NULL,NULL,NULL,USD,1,"Mozilla/5.0 (Linux; Android 13)","2025-08-10 23:02:06"
106,8948b755757544ce,"2025-08-06 08:40:06.823990",2025-08-06,user_br5xqt,2761,add_to_cart,"referral / partner",https://shop.local/checkout,NULL,NULL,NULL,USD,0,"Mozilla/5.0 (iPhone; CPU iPhone OS 17_5 like Mac OS X)","2025-08-10 23:02:06"
107,a2994d6bbe6646d6,"2025-08-06 09:01:06.823990",2025-08-06,user_uhtcs1,5582,begin_checkout,"google / cpc",https://site.test/plp,NULL,NULL,NULL,USD,0,"Mozilla/5.0 (iPhone; CPU iPhone OS 17_5 like Mac OS X)","2025-08-10 23:02:06"
108,70c27f40796f4525,"2025-08-08 03:57:06.823990",2025-08-08,user_1hssbe,6456,begin_checkout,"email / mkt",http://shop.local/plp,NULL,NULL,NULL,EUR,0,"Mozilla/5.0 (Linux; Android 13)","2025-08-10 23:02:06"
109,d19335579f0948c8,"2025-08-07 00:13:06.823990",2025-08-07,user_ow4vss,9025,begin_checkout,"referral / partner",http://site.test/search,NULL,NULL,NULL,USD,0,"Mozilla/5.0 (Macintosh; Intel Mac OS X 10_15_7)","2025-08-10 23:02:06"
110,4894c155cc3b4012,"2025-08-09 09:43:06.823990",2025-08-09,user_l65wvj,4728,begin_checkout,"google / cpc",https://site.test/search,NULL,NULL,NULL,USD,1,"Mozilla/5.0 (iPhone; CPU iPhone OS 17_5 like Mac OS X)","2025-08-10 23:02:06"
111,165f48de0abb4562,"2025-08-14 07:24:06.835863",2025-08-14,user_pohswq,2020,random_event,"unknown / ???",htp:/broken,NULL,NULL,NULL,,1,"Mozilla/5.0 (Macintosh; Intel Mac OS X 10_15_7)","2025-08-10 23:02:06"
112,ee0c92fe47fa46df,"2025-08-08 16:47:06.823990",2025-08-08,user_mm1zxy,4150,purchaseX,NULL,htp:/broken,NULL,NULL,NULL,BRLZ,1,"Mozilla/5.0 (Macintosh; Intel Mac OS X 10_15_7)","2025-08-10 23:02:06"
113,3879b1e4cc8e4a9b,"2025-08-14 10:23:06.836016",2025-08-14,user_lm72je,7220,random_event,"unknown / ???",just-text,NULL,NULL,NULL,BRLZ,0,"Mozilla/5.0 (Linux; Android 13)","2025-08-10 23:02:06"
114,8b81828f9fc24f83,"2025-08-10 03:32:06.823990",2025-08-10,user_c7x0h3,5442,begin_checkout,"google / cpc",http://site.test/plp,NULL,NULL,NULL,USD,1,"Mozilla/5.0 (Linux; Android 13)","2025-08-10 23:02:06"
115,5bf21abefad04493,"2025-08-14 07:41:06.836154",2025-08-14,user_zd1at7,8793,random_event,NULL,just-text,NULL,NULL,NULL,###,0,"Mozilla/5.0 (Macintosh; Intel Mac OS X 10_15_7)","2025-08-10 23:02:06"
116,b3aea23e51c049d9,"2025-08-06 10:06:06.823990",2025-08-06,user_6dut07,3868,begin_checkout,"email / mkt",https://shop.local/,NULL,NULL,NULL,EUR,0,"Mozilla/5.0 (iPhone; CPU iPhone OS 17_5 like Mac OS X)","2025-08-10 23:02:06"
117,710dea8a9a2e4341,"2025-08-14 03:52:06.836319",2025-08-14,user_7mqxs6,NULL,purchaseX,NULL,,NULL,NULL,NULL,BRLZ,1,"Mozilla/5.0 (Linux; Android 13)","2025-08-10 23:02:06"
118,522d19677b654ead,"2025-08-10 05:51:06.823990",2025-08-10,user_qjg02u,4164,page_view,"email / mkt",http://example.com/contact,NULL,NULL,NULL,BRL,1,"Mozilla/5.0 (Windows NT 10.0; Win64; x64)","2025-08-10 23:02:06"
119,c27a25083d7248c8,"2025-08-06 21:13:06.823990",2025-08-06,user_r7anqj,6400,purchase,"google / cpc",https://shop.local/checkout,tx-5269a48c96,1,1338.89,BRL,0,"Mozilla/5.0 (Linux; Android 13)","2025-08-10 23:02:06"
120,e38224717a29496a,"2025-08-10 02:05:06.823990",2025-08-10,user_yw7nh8,8454,purchaseX,NULL,,NULL,NULL,NULL,R$,1,"Mozilla/5.0 (iPhone; CPU iPhone OS 17_5 like Mac OS X)","2025-08-10 23:02:06"
121,53d99833b4af468d,"2025-08-10 09:04:06.823990",2025-08-10,user_v2stn7,2838,add_to_cart,"facebook / cpc",https://example.com/plp,NULL,NULL,NULL,EUR,1,"Mozilla/5.0 (iPhone; CPU iPhone OS 17_5 like Mac OS X)","2025-08-10 23:02:06"
122,5c600a1dcac6432c,"2025-08-09 09:39:06.823990",2025-08-09,user_r6qceo,1945,page_view,"facebook / cpc",http://site.test/checkout,NULL,NULL,NULL,EUR,0,"Mozilla/5.0 (iPhone; CPU iPhone OS 17_5 like Mac OS X)","2025-08-10 23:02:06"
123,dae484c0738e4648,"2025-08-07 07:47:06.823990",2025-08-07,user_ubmc97,2130,begin_checkout,"google / cpc",https://shop.local/checkout,NULL,NULL,NULL,EUR,1,"Mozilla/5.0 (Linux; Android 13)","2025-08-10 23:02:06"
124,c4fd0b58882a4467,"2025-08-08 15:16:06.823990",2025-08-08,user_56nyxt,6697,purchase,"email / mkt",https://example.com/contact,tx-a3e2a1f900,7,16.91,USD,1,"Mozilla/5.0 (Linux; Android 13)","2025-08-10 23:02:06"
125,34e8c67f7ac44970,"2025-08-09 21:59:06.823990",2025-08-09,user_zpniqf,4088,page_view,"email / mkt",https://site.test/,NULL,NULL,NULL,USD,0,"Mozilla/5.0 (iPhone; CPU iPhone OS 17_5 like Mac OS X)","2025-08-10 23:02:06"
126,165f48de0abb4562,"2025-08-06 15:48:06.823990",2025-08-06,user_qy5ibp,1924,view_page,"unknown / ???",htp:/broken,NULL,NULL,NULL,NULL,1,"Mozilla/5.0 (Macintosh; Intel Mac OS X 10_15_7)","2025-08-10 23:02:06"
127,d7af1aec87934ed3,"2025-08-09 08:52:06.823990",2025-08-09,user_vylkfx,4621,add_to_cart,"referral / partner",http://shop.local/checkout,NULL,NULL,NULL,USD,1,"Mozilla/5.0 (Linux; Android 13)","2025-08-10 23:02:06"
128,07468ae63f644025,"2025-08-06 08:26:06.823990",2025-08-06,user_97y2lo,3444,purchase,"referral / partner",http://shop.local/plp,tx-a88ab2dc00,2,1700.19,USD,0,"Mozilla/5.0 (iPhone; CPU iPhone OS 17_5 like Mac OS X)","2025-08-10 23:02:06"
129,92878be795f34d74,"2025-08-06 09:54:06.823990",2025-08-06,user_u8ueih,2295,begin_checkout,"facebook / cpc",http://shop.local/home,NULL,NULL,NULL,USD,1,"Mozilla/5.0 (Linux; Android 13)","2025-08-10 23:02:06"
130,ea5919d1f88f4928,"2025-08-09 22:00:06.823990",2025-08-09,user_vbc2vy,4555,page_view,"email / mkt",https://shop.local/about,NULL,NULL,NULL,USD,1,"Mozilla/5.0 (Windows NT 10.0; Win64; x64)","2025-08-10 23:02:06"
131,ca37faff55cc4fdb,"2025-08-06 18:03:06.823990",2025-08-06,user_016zzo,4921,add_to_cart,"facebook / cpc",http://site.test/checkout,NULL,NULL,NULL,EUR,1,"Mozilla/5.0 (Macintosh; Intel Mac OS X 10_15_7)","2025-08-10 23:02:06"
132,bec1f184fc30419f,"2025-08-09 00:02:06.823990",2025-08-09,user_5q201l,4328,begin_checkout,"email / mkt",http://shop.local/contact,NULL,NULL,NULL,USD,1,"Mozilla/5.0 (Linux; Android 13)","2025-08-10 23:02:06"
133,dfbe19d7177e471e,"2025-08-09 05:34:06.823990",2025-08-09,user_7upfln,5026,add_to_cart,"google / cpc",http://shop.local/checkout,NULL,NULL,NULL,USD,0,"Mozilla/5.0 (iPhone; CPU iPhone OS 17_5 like Mac OS X)","2025-08-10 23:02:06"
134,7a30c1f16ef64bc4,"2025-08-10 06:04:06.823990",2025-08-10,user_2gzr7t,1962,purchase,"direct / (none)",https://site.test/home,tx-c42686aba6,7,22.70,BRL,0,"Mozilla/5.0 (Windows NT 10.0; Win64; x64)","2025-08-10 23:02:06"
135,18dfd2598fa8415d,"2025-08-10 02:35:06.823990",2025-08-10,user_fhqcw7,8916,add_to_cart,"facebook / cpc",http://site.test/,NULL,NULL,NULL,BRL,1,"Mozilla/5.0 (iPhone; CPU iPhone OS 17_5 like Mac OS X)","2025-08-10 23:02:06"
136,c544887d4ed74031,"2025-08-14 09:23:06.838000",2025-08-14,user_36ddfg,6807,signup,NULL,://no-scheme,NULL,NULL,NULL,BRLZ,0,"Mozilla/5.0 (Windows NT 10.0; Win64; x64)","2025-08-10 23:02:06"
137,8f3bfbdd09da42c5,"2025-08-09 07:10:06.823990",2025-08-09,user_izk3c9,1519,begin_checkout,"direct / (none)",http://example.com/contact,NULL,NULL,NULL,USD,1,"Mozilla/5.0 (iPhone; CPU iPhone OS 17_5 like Mac OS X)","2025-08-10 23:02:06"
138,6371d3d1bcdf4f47,"2025-08-07 01:25:06.823990",2025-08-07,user_c4xl99,9653,page_view,"google / cpc",https://example.com/pdp,NULL,NULL,NULL,EUR,0,"Mozilla/5.0 (iPhone; CPU iPhone OS 17_5 like Mac OS X)","2025-08-10 23:02:06"
139,2a9c521fa3724558,"2025-08-09 23:28:06.823990",2025-08-09,user_76ub7l,4394,begin_checkout,"google / cpc",https://site.test/contact,NULL,NULL,NULL,BRL,0,"Mozilla/5.0 (Macintosh; Intel Mac OS X 10_15_7)","2025-08-10 23:02:06"
140,849d0409d9ff4dcc,"2025-08-09 07:24:06.823990",2025-08-09,user_4o6l1f,2284,add_to_cart,"referral / partner",http://site.test/,NULL,NULL,NULL,BRL,1,"Mozilla/5.0 (Linux; Android 13)","2025-08-10 23:02:06"
141,a2fb0ad2dcad41b1,"2025-08-08 08:11:06.823990",2025-08-08,user_lw2qit,4043,signup,NULL,,NULL,NULL,NULL,###,0,"Mozilla/5.0 (Windows NT 10.0; Win64; x64)","2025-08-10 23:02:06"
142,de9a734e90c943e8,"2025-08-06 12:04:06.823990",2025-08-06,user_cfzw0l,2745,begin_checkout,"facebook / cpc",https://example.com/checkout,NULL,NULL,NULL,EUR,1,"Mozilla/5.0 (Macintosh; Intel Mac OS X 10_15_7)","2025-08-10 23:02:06"
143,5451a53e30fd48aa,"2025-08-09 06:04:06.823990",2025-08-09,user_oamdvl,5781,signup,NULL,just-text,NULL,NULL,NULL,,1,"Mozilla/5.0 (Windows NT 10.0; Win64; x64)","2025-08-10 23:02:06"
144,df8fd6c30b8a4e62,"2025-08-07 01:11:06.823990",2025-08-07,user_ygjjfg,5521,add_to_cart,"referral / partner",http://shop.local/search,NULL,NULL,NULL,EUR,0,"Mozilla/5.0 (Macintosh; Intel Mac OS X 10_15_7)","2025-08-10 23:02:06"
145,269bd9a8b3934bc5,"2025-08-09 15:22:06.823990",2025-08-09,user_rwqeao,7224,begin_checkout,"facebook / cpc",http://shop.local/about,NULL,NULL,NULL,EUR,1,"Mozilla/5.0 (Linux; Android 13)","2025-08-10 23:02:06"
146,0db50af9033246ac,"2025-08-10 00:57:06.823990",2025-08-10,user_hl88kz,9044,begin_checkout,"email / mkt",https://site.test/about,NULL,NULL,NULL,EUR,1,"Mozilla/5.0 (iPhone; CPU iPhone OS 17_5 like Mac OS X)","2025-08-10 23:02:06"
147,ffa0f879eece4890,"2025-08-07 05:18:06.823990",2025-08-07,user_vtyt8q,4434,begin_checkout,"google / cpc",http://shop.local/home,NULL,NULL,NULL,EUR,0,"Mozilla/5.0 (iPhone; CPU iPhone OS 17_5 like Mac OS X)","2025-08-10 23:02:06"
148,4f85acd92eff4a31,"2025-08-07 19:22:06.823990",2025-08-07,user_ixz2c9,8851,purchase,"facebook / cpc",http://site.test/contact,tx-8d632a1297,6,1792.05,EUR,1,"Mozilla/5.0 (Macintosh; Intel Mac OS X 10_15_7)","2025-08-10 23:02:06"
149,5bf21abefad04493,"2025-08-09 19:49:06.823990",2025-08-09,user_fwuxx8,8052,view_page,NULL,NULL,NULL,NULL,NULL,NULL,1,"Mozilla/5.0 (Macintosh; Intel Mac OS X 10_15_7)","2025-08-10 23:02:06"
150,2af7310b1fef4a5f,"2025-08-09 00:51:06.823990",2025-08-09,user_uyhnqy,9199,add_to_cart,"referral / partner",http://example.com/,NULL,NULL,NULL,EUR,1,"Mozilla/5.0 (Macintosh; Intel Mac OS X 10_15_7)","2025-08-10 23:02:06"
151,331a68b4fbce4e03,"2025-08-14 09:49:06.839574",2025-08-14,user_2smdzq,NULL,purchaseX,"unknown / ???",NULL,NULL,NULL,NULL,NULL,0,"Mozilla/5.0 (Windows NT 10.0; Win64; x64)","2025-08-10 23:02:06"
152,48c9fc46877c4b32,"2025-08-06 16:57:06.823990",2025-08-06,user_yf9igf,7985,page_view,"email / mkt",https://shop.local/contact,NULL,NULL,NULL,EUR,0,"Mozilla/5.0 (Linux; Android 13)","2025-08-10 23:02:06"
153,74b2a1f2ab724848,"2025-08-10 06:42:06.823990",2025-08-10,user_whvnzh,2025,purchase,"direct / (none)",https://site.test/plp,tx-89605c982f,4,236.77,BRL,1,"Mozilla/5.0 (Linux; Android 13)","2025-08-10 23:02:06"
154,3b342b9e3eb2489f,"2025-08-07 20:49:06.823990",2025-08-07,user_vwvm4w,5873,purchase,"referral / partner",https://site.test/plp,tx-49062fbe8c,3,242.73,EUR,1,"Mozilla/5.0 (Linux; Android 13)","2025-08-10 23:02:06"
155,9b2db50751d94cf8,"2025-08-08 07:04:06.823990",2025-08-08,user_pengwy,3838,begin_checkout,"facebook / cpc",https://site.test/search,NULL,NULL,NULL,EUR,1,"Mozilla/5.0 (Linux; Android 13)","2025-08-10 23:02:06"
156,b10089023ad648d4,"2025-08-06 09:21:06.823990",2025-08-06,user_58rhnu,9109,begin_checkout,"direct / (none)",http://shop.local/contact,NULL,NULL,NULL,EUR,0,"Mozilla/5.0 (iPhone; CPU iPhone OS 17_5 like Mac OS X)","2025-08-10 23:02:06"
157,342b2732676b4f28,"2025-08-09 07:13:06.823990",2025-08-09,user_b1kjtg,8492,purchase,"facebook / cpc",http://site.test/home,tx-81362d280f,7,1090.78,BRL,1,"Mozilla/5.0 (Macintosh; Intel Mac OS X 10_15_7)","2025-08-10 23:02:06"
158,71eba83f1b7a4a61,"2025-08-10 09:47:06.823990",2025-08-10,user_zt9d31,5877,begin_checkout,"referral / partner",http://example.com/checkout,NULL,NULL,NULL,BRL,1,"Mozilla/5.0 (Windows NT 10.0; Win64; x64)","2025-08-10 23:02:06"
159,4440ab54764c4da8,"2025-08-07 06:41:06.823990",2025-08-07,user_3vmzwf,3281,purchase,"google / cpc",https://example.com/,tx-eab663498f,5,1082.15,BRL,1,"Mozilla/5.0 (Macintosh; Intel Mac OS X 10_15_7)","2025-08-10 23:02:06"
160,2215fd956e1d43e3,"2025-08-09 08:13:06.823990",2025-08-09,user_j49yd8,7743,begin_checkout,"email / mkt",http://example.com/plp,NULL,NULL,NULL,USD,0,"Mozilla/5.0 (Linux; Android 13)","2025-08-10 23:02:06"
161,56c3fb271d05408b,"2025-08-07 22:00:06.823990",2025-08-07,user_31yruj,7786,add_to_cart,"facebook / cpc",http://shop.local/home,NULL,NULL,NULL,EUR,0,"Mozilla/5.0 (Windows NT 10.0; Win64; x64)","2025-08-10 23:02:06"
162,0fcf707ec24c483f,"2025-08-07 16:01:06.823990",2025-08-07,user_z5qru5,2526,purchase,"referral / partner",http://site.test/about,tx-407e634a4f,2,1936.58,EUR,0,"Mozilla/5.0 (iPhone; CPU iPhone OS 17_5 like Mac OS X)","2025-08-10 23:02:06"
163,1e3f4e71444944cd,"2025-08-07 22:06:06.823990",2025-08-07,user_3muurm,1793,add_to_cart,"direct / (none)",https://example.com/search,NULL,NULL,NULL,USD,1,"Mozilla/5.0 (Linux; Android 13)","2025-08-10 23:02:06"
164,2ec960476e6e4d78,"2025-08-08 12:26:06.823990",2025-08-08,user_hyexf7,5489,purchase,"direct / (none)",http://example.com/checkout,tx-0dff010e59,1,798.72,BRL,1,"Mozilla/5.0 (Linux; Android 13)","2025-08-10 23:02:06"
165,62271cd4202744a1,"2025-08-09 19:31:06.823990",2025-08-09,user_ddhcvs,8291,begin_checkout,"facebook / cpc",https://example.com/about,NULL,NULL,NULL,USD,0,"Mozilla/5.0 (iPhone; CPU iPhone OS 17_5 like Mac OS X)","2025-08-10 23:02:06"
166,f2168f4939fb470b,"2025-08-07 09:17:06.823990",2025-08-07,user_n0dl5e,3181,add_to_cart,"direct / (none)",https://site.test/home,NULL,NULL,NULL,BRL,1,"Mozilla/5.0 (Windows NT 10.0; Win64; x64)","2025-08-10 23:02:06"
167,eb2a18245dd84ddc,"2025-08-10 04:40:06.823990",2025-08-10,user_h07wph,2646,add_to_cart,"direct / (none)",https://example.com/contact,NULL,NULL,NULL,USD,1,"Mozilla/5.0 (iPhone; CPU iPhone OS 17_5 like Mac OS X)","2025-08-10 23:02:06"
168,e98e7ed5b5f94694,"2025-08-07 15:50:06.823990",2025-08-07,user_xivzk7,1439,begin_checkout,"facebook / cpc",http://site.test/pdp,NULL,NULL,NULL,BRL,1,"Mozilla/5.0 (Linux; Android 13)","2025-08-10 23:02:06"
169,d0b43c1af1fa49a3,"2025-08-06 09:29:06.823990",2025-08-06,user_22iniw,2163,purchase,"email / mkt",https://site.test/about,tx-96edc4d19f,4,1723.02,EUR,0,"Mozilla/5.0 (Linux; Android 13)","2025-08-10 23:02:06"
170,19da0c77f2b54ca5,"2025-08-09 23:16:06.823990",2025-08-09,user_gq9cva,4534,purchase,"email / mkt",https://example.com/contact,tx-8414e25435,4,1406.60,EUR,1,"Mozilla/5.0 (iPhone; CPU iPhone OS 17_5 like Mac OS X)","2025-08-10 23:02:06"
171,0f2f0393fd344302,"2025-08-09 14:08:06.823990",2025-08-09,user_fdc79f,6353,page_view,"referral / partner",https://shop.local/checkout,NULL,NULL,NULL,EUR,0,"Mozilla/5.0 (Linux; Android 13)","2025-08-10 23:02:06"
172,29886eef0e614c9b,"2025-08-08 13:21:06.823990",2025-08-08,user_ewbxxg,1207,page_view,"facebook / cpc",https://site.test/,NULL,NULL,NULL,BRL,1,"Mozilla/5.0 (Macintosh; Intel Mac OS X 10_15_7)","2025-08-10 23:02:06"
173,331a68b4fbce4e03,"2025-08-10 08:24:06.823990",2025-08-10,user_j51b3j,NULL,view_page,NULL,,NULL,NULL,NULL,BRLZ,0,"Mozilla/5.0 (iPhone; CPU iPhone OS 17_5 like Mac OS X)","2025-08-10 23:02:06"
174,0e475595421245fb,"2025-08-06 09:36:06.823990",2025-08-06,user_runjdu,2889,purchase,"referral / partner",https://example.com/,tx-838da27fc7,2,101.50,USD,0,"Mozilla/5.0 (Windows NT 10.0; Win64; x64)","2025-08-10 23:02:06"
175,039f586ab9fe4972,"2025-08-09 05:31:06.823990",2025-08-09,user_zxii6l,7108,!!!,NULL,NULL,NULL,NULL,NULL,,1,"Mozilla/5.0 (Windows NT 10.0; Win64; x64)","2025-08-10 23:02:06"
176,1431c6e5540e466a,"2025-08-06 08:18:06.823990",2025-08-06,user_8cqk4l,8483,add_to_cart,"facebook / cpc",http://example.com/pdp,NULL,NULL,NULL,EUR,1,"Mozilla/5.0 (Macintosh; Intel Mac OS X 10_15_7)","2025-08-10 23:02:06"
177,90d027b102194ccf,"2025-08-08 21:23:06.823990",2025-08-08,user_10t2f7,NULL,view_page,NULL,,NULL,NULL,NULL,BRLZ,1,"Mozilla/5.0 (Windows NT 10.0; Win64; x64)","2025-08-10 23:02:06"
178,44cce9bfabe84d82,"2025-08-08 05:24:06.823990",2025-08-08,user_40dtir,1981,begin_checkout,"google / cpc",http://example.com/home,NULL,NULL,NULL,EUR,1,"Mozilla/5.0 (Linux; Android 13)","2025-08-10 23:02:06"
179,58bafbfdf34840fa,"2025-08-10 08:08:06.823990",2025-08-10,user_dde3cu,8126,purchase,"email / mkt",https://site.test/pdp,tx-a326f67200,7,791.98,USD,1,"Mozilla/5.0 (Macintosh; Intel Mac OS X 10_15_7)","2025-08-10 23:02:06"
180,7ed8cc75027e4cb9,"2025-08-07 15:09:06.823990",2025-08-07,user_i7e1dd,8365,begin_checkout,"email / mkt",http://shop.local/contact,NULL,NULL,NULL,USD,1,"Mozilla/5.0 (Macintosh; Intel Mac OS X 10_15_7)","2025-08-10 23:02:06"
181,48ed072ccbf748b9,"2025-08-08 17:17:06.823990",2025-08-08,user_jefy3z,1660,add_to_cart,"direct / (none)",http://example.com/plp,NULL,NULL,NULL,USD,1,"Mozilla/5.0 (Linux; Android 13)","2025-08-10 23:02:06"
182,34ec047178ef4046,"2025-08-06 08:43:06.823990",2025-08-06,user_yj9boq,5093,begin_checkout,"direct / (none)",http://example.com/home,NULL,NULL,NULL,EUR,0,"Mozilla/5.0 (Linux; Android 13)","2025-08-10 23:02:06"
183,10657c0583dc4a17,"2025-08-10 19:24:06.823990",2025-08-10,user_2ihoy7,2376,page_view,"google / cpc",http://site.test/home,NULL,NULL,NULL,BRL,1,"Mozilla/5.0 (Windows NT 10.0; Win64; x64)","2025-08-10 23:02:06"
184,c467c4a6d69d4970,"2025-08-06 14:35:06.823990",2025-08-06,user_3lbqgu,7471,random_event,"unknown / ???",just-text,NULL,NULL,NULL,R$,1,"Mozilla/5.0 (iPhone; CPU iPhone OS 17_5 like Mac OS X)","2025-08-10 23:02:06"
185,8978a53739294227,"2025-08-07 03:35:06.823990",2025-08-07,user_jqfwwx,9173,add_to_cart,"email / mkt",http://shop.local/,NULL,NULL,NULL,BRL,1,"Mozilla/5.0 (iPhone; CPU iPhone OS 17_5 like Mac OS X)","2025-08-10 23:02:06"
186,b380f66ecd364038,"2025-08-14 08:34:06.842714",2025-08-14,user_2mtr6s,3946,random_event,NULL,NULL,NULL,NULL,NULL,###,1,"Mozilla/5.0 (Linux; Android 13)","2025-08-10 23:02:06"
187,d5e73349842446f8,"2025-08-10 16:26:06.823990",2025-08-10,user_9t199d,4951,page_view,"email / mkt",https://shop.local/pdp,NULL,NULL,NULL,BRL,1,"Mozilla/5.0 (iPhone; CPU iPhone OS 17_5 like Mac OS X)","2025-08-10 23:02:06"
188,eca3ca3a5d764f52,"2025-08-07 10:19:06.823990",2025-08-07,user_v3z6bz,3328,begin_checkout,"facebook / cpc",https://site.test/search,NULL,NULL,NULL,BRL,1,"Mozilla/5.0 (Linux; Android 13)","2025-08-10 23:02:06"
189,a6927963e63e4f91,"2025-08-06 09:42:06.823990",2025-08-06,user_ihsa7h,3137,purchase,"google / cpc",https://shop.local/about,tx-ec38dc88ce,5,1412.35,BRL,1,"Mozilla/5.0 (Linux; Android 13)","2025-08-10 23:02:06"
190,fef866871aae4533,"2025-08-10 23:32:06.823990",2025-08-10,user_nczxvm,6285,add_to_cart,"google / cpc",https://example.com/contact,NULL,NULL,NULL,EUR,0,"Mozilla/5.0 (iPhone; CPU iPhone OS 17_5 like Mac OS X)","2025-08-10 23:02:06"
191,73f9e254abe14810,"2025-08-09 06:45:06.823990",2025-08-09,user_y72ivg,6026,begin_checkout,"facebook / cpc",http://site.test/plp,NULL,NULL,NULL,EUR,1,"Mozilla/5.0 (Windows NT 10.0; Win64; x64)","2025-08-10 23:02:06"
192,b4cc560440a941c1,"2025-08-07 02:53:06.823990",2025-08-07,user_v78hu7,3304,purchase,"referral / partner",https://shop.local/pdp,tx-34dcdc48e3,2,1276.01,BRL,1,"Mozilla/5.0 (Macintosh; Intel Mac OS X 10_15_7)","2025-08-10 23:02:06"
193,e0a2336e058e4f7a,"2025-08-06 03:35:06.823990",2025-08-06,user_jicjda,7323,page_view,"email / mkt",http://shop.local/plp,NULL,NULL,NULL,USD,0,"Mozilla/5.0 (iPhone; CPU iPhone OS 17_5 like Mac OS X)","2025-08-10 23:02:06"
194,98d854b124114fcc,"2025-08-10 13:43:06.823990",2025-08-10,user_xyfc4k,2715,purchaseX,NULL,NULL,NULL,NULL,NULL,R$,1,"Mozilla/5.0 (iPhone; CPU iPhone OS 17_5 like Mac OS X)","2025-08-10 23:02:06"
195,18b2eb0a1aab4260,"2025-08-14 10:17:06.843626",2025-08-14,user_zpxvpb,4112,random_event,"unknown / ???",just-text,NULL,NULL,NULL,###,0,"Mozilla/5.0 (Macintosh; Intel Mac OS X 10_15_7)","2025-08-10 23:02:06"
196,c581d7df149d4d05,"2025-08-06 15:07:06.823990",2025-08-06,user_bu4fmp,5825,begin_checkout,"email / mkt",http://site.test/pdp,NULL,NULL,NULL,BRL,1,"Mozilla/5.0 (Linux; Android 13)","2025-08-10 23:02:06"
197,406b7d4c8dbb4619,"2025-08-08 18:41:06.823990",2025-08-08,user_4lorxd,9914,add_to_cart,"email / mkt",https://shop.local/about,NULL,NULL,NULL,BRL,0,"Mozilla/5.0 (Macintosh; Intel Mac OS X 10_15_7)","2025-08-10 23:02:06"
198,eb038d0273914131,"2025-08-07 13:58:06.823990",2025-08-07,user_pj4ufz,2584,add_to_cart,"direct / (none)",http://example.com/contact,NULL,NULL,NULL,BRL,0,"Mozilla/5.0 (Linux; Android 13)","2025-08-10 23:02:06"
199,72bfaaf9054840e6,"2025-08-08 11:11:06.823990",2025-08-08,user_8y7uik,7468,page_view,"direct / (none)",https://site.test/plp,NULL,NULL,NULL,EUR,1,"Mozilla/5.0 (iPhone; CPU iPhone OS 17_5 like Mac OS X)","2025-08-10 23:02:06"
200,6c61d42d73b3485f,"2025-08-10 16:24:06.823990",2025-08-10,user_gbcyh3,3422,add_to_cart,"facebook / cpc",http://site.test/about,NULL,NULL,NULL,BRL,0,"Mozilla/5.0 (Windows NT 10.0; Win64; x64)","2025-08-10 23:02:06"
201,8c3fc764811f4e75,"2025-08-08 08:17:06.823990",2025-08-08,user_t4s7az,9561,page_view,"direct / (none)",https://shop.local/contact,NULL,NULL,NULL,EUR,1,"Mozilla/5.0 (Windows NT 10.0; Win64; x64)","2025-08-10 23:02:06"
202,1e255b8fe94141e0,"2025-08-10 13:18:06.823990",2025-08-10,user_ktmonr,8750,page_view,"referral / partner",https://example.com/checkout,NULL,NULL,NULL,BRL,1,"Mozilla/5.0 (iPhone; CPU iPhone OS 17_5 like Mac OS X)","2025-08-10 23:02:06"
203,5d1d623a82844743,"2025-08-10 00:18:06.823990",2025-08-10,user_i076a3,5965,page_view,"direct / (none)",http://shop.local/search,NULL,NULL,NULL,USD,0,"Mozilla/5.0 (Windows NT 10.0; Win64; x64)","2025-08-10 23:02:06"
204,f0599e31c9e24a98,"2025-08-10 07:34:06.823990",2025-08-10,user_p3jpxg,4463,add_to_cart,"facebook / cpc",http://shop.local/about,NULL,NULL,NULL,USD,0,"Mozilla/5.0 (Linux; Android 13)","2025-08-10 23:02:06"
205,444565086800402b,"2025-08-08 23:13:06.823990",2025-08-08,user_o2sug5,4288,page_view,"email / mkt",https://example.com/,NULL,NULL,NULL,EUR,1,"Mozilla/5.0 (Macintosh; Intel Mac OS X 10_15_7)","2025-08-10 23:02:06"
206,64dcd29702d14fca,"2025-08-10 18:28:06.823990",2025-08-10,user_qo7yir,8308,add_to_cart,"email / mkt",http://example.com/about,NULL,NULL,NULL,USD,1,"Mozilla/5.0 (Macintosh; Intel Mac OS X 10_15_7)","2025-08-10 23:02:06"
207,30d82a44eb42423f,"2025-08-08 06:48:06.823990",2025-08-08,user_b42hhi,4387,page_view,"email / mkt",http://shop.local/,NULL,NULL,NULL,BRL,0,"Mozilla/5.0 (Windows NT 10.0; Win64; x64)","2025-08-10 23:02:06"
208,68321c548a27498f,"2025-08-07 01:40:06.823990",2025-08-07,user_vaj2k8,5511,purchase,"facebook / cpc",http://shop.local/about,tx-0249df5a1b,4,611.27,EUR,1,"Mozilla/5.0 (Linux; Android 13)","2025-08-10 23:02:06"
209,15e98d9f4c7d40f1,"2025-08-06 03:02:06.823990",2025-08-06,user_sx4nxv,5890,purchase,"referral / partner",https://site.test/search,tx-c7672fa808,6,657.02,BRL,1,"Mozilla/5.0 (Macintosh; Intel Mac OS X 10_15_7)","2025-08-10 23:02:06"
210,0cd43884e05e46ef,"2025-08-10 03:07:06.823990",2025-08-10,user_8xgsic,7620,begin_checkout,"email / mkt",http://site.test/plp,NULL,NULL,NULL,EUR,0,"Mozilla/5.0 (iPhone; CPU iPhone OS 17_5 like Mac OS X)","2025-08-10 23:02:06"
211,29c4a3115fcf4e1f,"2025-08-08 09:16:06.823990",2025-08-08,user_nbzug0,4643,begin_checkout,"email / mkt",http://site.test/about,NULL,NULL,NULL,USD,1,"Mozilla/5.0 (Linux; Android 13)","2025-08-10 23:02:06"
212,8f548feb0658493d,"2025-08-08 18:18:06.823990",2025-08-08,user_ej31gy,6499,add_to_cart,"email / mkt",https://site.test/pdp,NULL,NULL,NULL,BRL,1,"Mozilla/5.0 (Macintosh; Intel Mac OS X 10_15_7)","2025-08-10 23:02:06"
213,afa428013175422a,"2025-08-07 13:36:06.823990",2025-08-07,user_vqebwu,2166,purchase,"email / mkt",https://shop.local/home,tx-69c9adf084,5,603.73,USD,0,"Mozilla/5.0 (iPhone; CPU iPhone OS 17_5 like Mac OS X)","2025-08-10 23:02:06"
214,05e40609b9f945d8,"2025-08-07 05:22:06.823990",2025-08-07,user_m969f5,3954,page_view,"facebook / cpc",http://example.com/about,NULL,NULL,NULL,BRL,0,"Mozilla/5.0 (Linux; Android 13)","2025-08-10 23:02:06"
215,6983e89b3584407d,"2025-08-07 06:37:06.823990",2025-08-07,user_g1r1dw,7609,!!!,"unknown / ???",just-text,NULL,NULL,NULL,NULL,0,"Mozilla/5.0 (iPhone; CPU iPhone OS 17_5 like Mac OS X)","2025-08-10 23:02:06"
216,c531b0d05e5e462a,"2025-08-07 05:15:06.823990",2025-08-07,user_0861ta,1067,page_view,"google / cpc",https://site.test/pdp,NULL,NULL,NULL,EUR,0,"Mozilla/5.0 (Macintosh; Intel Mac OS X 10_15_7)","2025-08-10 23:02:06"
217,ef5042b708434e55,"2025-08-14 02:49:06.845637",2025-08-14,user_kk0vm5,6615,!!!,NULL,just-text,NULL,NULL,NULL,R$,1,"Mozilla/5.0 (Linux; Android 13)","2025-08-10 23:02:06"
218,0e8356b5850a422e,"2025-08-07 09:13:06.823990",2025-08-07,user_i9hase,1612,add_to_cart,"direct / (none)",http://shop.local/,NULL,NULL,NULL,BRL,1,"Mozilla/5.0 (Windows NT 10.0; Win64; x64)","2025-08-10 23:02:06"
219,9700dcb60bed4828,"2025-08-10 00:12:06.823990",2025-08-10,user_epejzh,1152,page_view,"google / cpc",http://shop.local/home,NULL,NULL,NULL,BRL,0,"Mozilla/5.0 (Macintosh; Intel Mac OS X 10_15_7)","2025-08-10 23:02:06"
220,8ec04ad97ede4f50,"2025-08-08 23:52:06.823990",2025-08-08,user_zeedhh,5308,add_to_cart,"direct / (none)",https://site.test/about,NULL,NULL,NULL,BRL,0,"Mozilla/5.0 (Macintosh; Intel Mac OS X 10_15_7)","2025-08-10 23:02:06"
221,b41556f56715476e,"2025-08-08 21:48:06.823990",2025-08-08,user_6yriad,2809,add_to_cart,"google / cpc",http://site.test/plp,NULL,NULL,NULL,EUR,0,"Mozilla/5.0 (Windows NT 10.0; Win64; x64)","2025-08-10 23:02:06"
222,b02ba904f2fb402e,"2025-08-07 09:35:06.823990",2025-08-07,user_q9jb35,5760,page_view,"email / mkt",http://shop.local/contact,NULL,NULL,NULL,EUR,0,"Mozilla/5.0 (Windows NT 10.0; Win64; x64)","2025-08-10 23:02:06"
223,495b31e37e1547d0,"2025-08-09 20:36:06.823990",2025-08-09,user_xl68j0,7105,page_view,"google / cpc",https://shop.local/home,NULL,NULL,NULL,BRL,1,"Mozilla/5.0 (iPhone; CPU iPhone OS 17_5 like Mac OS X)","2025-08-10 23:02:06"
224,08679a226bbc4c11,"2025-08-10 22:10:06.823990",2025-08-10,user_rp5ge0,3611,begin_checkout,"direct / (none)",http://example.com/search,NULL,NULL,NULL,EUR,0,"Mozilla/5.0 (iPhone; CPU iPhone OS 17_5 like Mac OS X)","2025-08-10 23:02:06"
225,acc910113b424e7f,"2025-08-10 12:24:06.823990",2025-08-10,user_mby49e,8997,add_to_cart,"referral / partner",http://example.com/search,NULL,NULL,NULL,USD,1,"Mozilla/5.0 (Macintosh; Intel Mac OS X 10_15_7)","2025-08-10 23:02:06"
226,8b6be1d7ed854f9b,"2025-08-11 00:35:06.823990",2025-08-11,user_y1uu9y,6542,begin_checkout,"google / cpc",https://site.test/contact,NULL,NULL,NULL,EUR,0,"Mozilla/5.0 (Linux; Android 13)","2025-08-10 23:02:06"
227,0e066b422db2434e,"2025-08-09 22:22:06.823990",2025-08-09,user_xf36wa,3571,purchase,"email / mkt",http://site.test/search,tx-b1e0a4ea10,7,988.38,EUR,0,"Mozilla/5.0 (Windows NT 10.0; Win64; x64)","2025-08-10 23:02:06"
228,31268fda18f343a0,"2025-08-06 08:54:06.823990",2025-08-06,user_stn3cp,8341,add_to_cart,"email / mkt",http://example.com/search,NULL,NULL,NULL,USD,1,"Mozilla/5.0 (iPhone; CPU iPhone OS 17_5 like Mac OS X)","2025-08-10 23:02:06"
229,fc062a13e61042e0,"2025-08-08 10:19:06.823990",2025-08-08,user_bt328w,9328,page_view,"google / cpc",https://site.test/search,NULL,NULL,NULL,USD,0,"Mozilla/5.0 (Macintosh; Intel Mac OS X 10_15_7)","2025-08-10 23:02:06"
230,7a0023babba94a5a,"2025-08-09 11:56:06.823990",2025-08-09,user_xze1hm,5783,signup,"unknown / ???",,NULL,NULL,NULL,R$,1,"Mozilla/5.0 (Windows NT 10.0; Win64; x64)","2025-08-10 23:02:06"
231,cc4415263d86468a,"2025-08-06 21:12:06.823990",2025-08-06,user_30ojhe,7437,page_view,"facebook / cpc",http://example.com/pdp,NULL,NULL,NULL,USD,0,"Mozilla/5.0 (Windows NT 10.0; Win64; x64)","2025-08-10 23:02:06"
232,6a4383014e564e79,"2025-08-10 20:22:06.823990",2025-08-10,user_ye6qvs,9172,purchase,"google / cpc",https://example.com/contact,tx-e74409d3fe,5,1564.35,EUR,0,"Mozilla/5.0 (iPhone; CPU iPhone OS 17_5 like Mac OS X)","2025-08-10 23:02:06"
233,c0ec2eca612d4896,"2025-08-10 05:46:06.823990",2025-08-10,user_3dxvl5,7859,add_to_cart,"referral / partner",https://site.test/checkout,NULL,NULL,NULL,BRL,1,"Mozilla/5.0 (Macintosh; Intel Mac OS X 10_15_7)","2025-08-10 23:02:06"
234,7dc36bde3b974dc1,"2025-08-06 20:53:06.823990",2025-08-06,user_oz0kz4,4560,begin_checkout,"direct / (none)",https://example.com/checkout,NULL,NULL,NULL,BRL,0,"Mozilla/5.0 (Linux; Android 13)","2025-08-10 23:02:06"
235,4f83875cfdba4b2f,"2025-08-10 00:49:06.823990",2025-08-10,user_wz1uu7,7839,add_to_cart,"referral / partner",http://site.test/contact,NULL,NULL,NULL,EUR,0,"Mozilla/5.0 (Windows NT 10.0; Win64; x64)","2025-08-10 23:02:06"
236,3cbd79e0844d4a4f,"2025-08-14 04:47:06.847543",2025-08-14,user_9yfc2h,6876,signup,NULL,just-text,NULL,NULL,NULL,NULL,1,"Mozilla/5.0 (Linux; Android 13)","2025-08-10 23:02:06"
237,22d37b68c0f8409b,"2025-08-10 13:07:06.823990",2025-08-10,user_2zybno,6122,purchase,"facebook / cpc",https://site.test/,tx-150a638b74,5,1739.01,EUR,0,"Mozilla/5.0 (Linux; Android 13)","2025-08-10 23:02:06"
238,b80d8bfbbbb0433e,"2025-08-10 02:14:06.823990",2025-08-10,user_znv0h0,4170,purchase,"facebook / cpc",http://shop.local/plp,tx-701ae05199,2,1925.33,EUR,0,"Mozilla/5.0 (Windows NT 10.0; Win64; x64)","2025-08-10 23:02:06"
239,a98d95d5abb14dcd,"2025-08-08 12:32:06.823990",2025-08-08,user_kjf4aq,3536,page_view,"direct / (none)",https://example.com/about,NULL,NULL,NULL,BRL,1,"Mozilla/5.0 (Macintosh; Intel Mac OS X 10_15_7)","2025-08-10 23:02:06"
240,c1dbc68ce4284e1a,"2025-08-08 02:55:06.823990",2025-08-08,user_czs8s2,3611,purchase,"referral / partner",http://shop.local/home,tx-1417c9ecfa,6,670.45,EUR,1,"Mozilla/5.0 (Linux; Android 13)","2025-08-10 23:02:06"
241,fa90e256ab4e41da,"2025-08-10 08:47:06.823990",2025-08-10,user_wru1xe,6668,begin_checkout,"email / mkt",https://shop.local/pdp,NULL,NULL,NULL,BRL,0,"Mozilla/5.0 (Macintosh; Intel Mac OS X 10_15_7)","2025-08-10 23:02:06"
242,d51987c3ce714d06,"2025-08-07 13:03:06.823990",2025-08-07,user_tk63n2,8300,purchase,"google / cpc",https://shop.local/checkout,tx-375aec1eda,3,1032.65,USD,0,"Mozilla/5.0 (Linux; Android 13)","2025-08-10 23:02:06"
243,5bc36767a3eb4689,"2025-08-09 02:50:06.823990",2025-08-09,user_acy15p,2702,page_view,"facebook / cpc",http://example.com/home,NULL,NULL,NULL,EUR,0,"Mozilla/5.0 (Linux; Android 13)","2025-08-10 23:02:06"
244,31edce6e1f844ecb,"2025-08-07 23:19:06.823990",2025-08-07,user_bcgjc3,5237,page_view,"direct / (none)",http://shop.local/search,NULL,NULL,NULL,EUR,0,"Mozilla/5.0 (iPhone; CPU iPhone OS 17_5 like Mac OS X)","2025-08-10 23:02:06"
245,45b5669577d7460c,"2025-08-09 21:57:06.823990",2025-08-09,user_eazc0b,2189,begin_checkout,"google / cpc",https://shop.local/checkout,NULL,NULL,NULL,USD,0,"Mozilla/5.0 (Macintosh; Intel Mac OS X 10_15_7)","2025-08-10 23:02:06"
246,8892d0107fe742d1,"2025-08-08 06:06:06.823990",2025-08-08,user_oxrteo,9941,page_view,"email / mkt",https://shop.local/checkout,NULL,NULL,NULL,USD,0,"Mozilla/5.0 (Macintosh; Intel Mac OS X 10_15_7)","2025-08-10 23:02:06"
247,77175d4589fb46f4,"2025-08-06 21:20:06.823990",2025-08-06,user_eavt8k,6633,page_view,"referral / partner",http://example.com/plp,NULL,NULL,NULL,EUR,1,"Mozilla/5.0 (Linux; Android 13)","2025-08-10 23:02:06"
248,a5f98d5afc324833,"2025-08-07 02:47:06.823990",2025-08-07,user_yub19t,2198,begin_checkout,"facebook / cpc",https://shop.local/checkout,NULL,NULL,NULL,BRL,1,"Mozilla/5.0 (iPhone; CPU iPhone OS 17_5 like Mac OS X)","2025-08-10 23:02:06"
249,4d55765b17a44c89,"2025-08-09 21:41:06.823990",2025-08-09,user_xdw6lq,6008,begin_checkout,"email / mkt",https://site.test/about,NULL,NULL,NULL,BRL,0,"Mozilla/5.0 (iPhone; CPU iPhone OS 17_5 like Mac OS X)","2025-08-10 23:02:06"
250,af97f369cee64e8e,"2025-08-07 11:38:06.823990",2025-08-07,user_2zxjmy,6432,add_to_cart,"google / cpc",http://shop.local/search,NULL,NULL,NULL,USD,1,"Mozilla/5.0 (Macintosh; Intel Mac OS X 10_15_7)","2025-08-10 23:02:06"
251,1a6ac2d6fc3d4670,"2025-08-07 02:01:06.823990",2025-08-07,user_xck36h,2252,purchase,"referral / partner",https://site.test/,tx-a83a1f00f5,7,1167.96,BRL,0,"Mozilla/5.0 (Windows NT 10.0; Win64; x64)","2025-08-10 23:02:06"
252,54269c1a9f714a9d,"2025-08-06 07:02:06.823990",2025-08-06,user_tt9q1n,4658,purchase,"referral / partner",http://site.test/plp,tx-362c720b39,4,734.09,BRL,1,"Mozilla/5.0 (Windows NT 10.0; Win64; x64)","2025-08-10 23:02:06"
253,13cf4a329b5043b6,"2025-08-09 23:26:06.823990",2025-08-09,user_fsqg8x,3395,page_view,"facebook / cpc",http://site.test/about,NULL,NULL,NULL,EUR,1,"Mozilla/5.0 (iPhone; CPU iPhone OS 17_5 like Mac OS X)","2025-08-10 23:02:06"
254,c8775945f5694937,"2025-08-08 04:28:06.823990",2025-08-08,user_iys2n7,1760,add_to_cart,"google / cpc",http://example.com/home,NULL,NULL,NULL,USD,0,"Mozilla/5.0 (Macintosh; Intel Mac OS X 10_15_7)","2025-08-10 23:02:06"
255,bcbeab795db54876,"2025-08-09 07:52:06.823990",2025-08-09,user_gxnx4s,7165,begin_checkout,"referral / partner",http://example.com/about,NULL,NULL,NULL,EUR,0,"Mozilla/5.0 (Macintosh; Intel Mac OS X 10_15_7)","2025-08-10 23:02:06"
256,9a754101329b472c,"2025-08-06 02:56:06.823990",2025-08-06,user_sffcxh,4062,purchase,"direct / (none)",http://example.com/home,tx-0fc53bfd3f,7,667.15,EUR,0,"Mozilla/5.0 (iPhone; CPU iPhone OS 17_5 like Mac OS X)","2025-08-10 23:02:06"
257,0f105936e10247cc,"2025-08-08 19:24:06.823990",2025-08-08,user_rvxoie,3639,page_view,"direct / (none)",https://example.com/plp,NULL,NULL,NULL,EUR,1,"Mozilla/5.0 (Macintosh; Intel Mac OS X 10_15_7)","2025-08-10 23:02:06"
258,70895304b429434f,"2025-08-09 11:51:06.823990",2025-08-09,user_8w5038,4548,add_to_cart,"referral / partner",http://shop.local/search,NULL,NULL,NULL,USD,1,"Mozilla/5.0 (iPhone; CPU iPhone OS 17_5 like Mac OS X)","2025-08-10 23:02:06"
259,9e23c560f9f54d90,"2025-08-07 02:51:06.823990",2025-08-07,user_sgy7vc,3166,view_page,NULL,NULL,NULL,NULL,NULL,###,1,"Mozilla/5.0 (iPhone; CPU iPhone OS 17_5 like Mac OS X)","2025-08-10 23:02:06"
260,5fdc9bc9f87745bf,"2025-08-07 02:15:06.823990",2025-08-07,user_rwb2se,8901,add_to_cart,"referral / partner",https://site.test/,NULL,NULL,NULL,BRL,0,"Mozilla/5.0 (iPhone; CPU iPhone OS 17_5 like Mac OS X)","2025-08-10 23:02:06"
261,a461b351251943ea,"2025-08-10 01:17:06.823990",2025-08-10,user_ti22nv,2600,purchase,"email / mkt",https://shop.local/checkout,tx-6b71aad89f,7,176.80,BRL,1,"Mozilla/5.0 (Linux; Android 13)","2025-08-10 23:02:06"
262,db6ab675ed814249,"2025-08-06 02:46:06.823990",2025-08-06,user_z2ueax,6175,purchase,"email / mkt",http://shop.local/home,tx-fc27b4132c,3,1711.40,BRL,1,"Mozilla/5.0 (Macintosh; Intel Mac OS X 10_15_7)","2025-08-10 23:02:06"
263,195af10399224dbc,"2025-08-09 13:34:06.823990",2025-08-09,user_jy1o2r,7065,purchase,"referral / partner",http://site.test/checkout,tx-9d8a0c12e0,7,1413.93,USD,0,"Mozilla/5.0 (Macintosh; Intel Mac OS X 10_15_7)","2025-08-10 23:02:06"
264,51659df0ffa94f69,"2025-08-07 09:24:06.823990",2025-08-07,user_qzfhom,1852,add_to_cart,"google / cpc",http://example.com/,NULL,NULL,NULL,EUR,0,"Mozilla/5.0 (Linux; Android 13)","2025-08-10 23:02:06"
265,a2803faa758b4c91,"2025-08-06 14:04:06.823990",2025-08-06,user_chcbn9,9536,purchase,"referral / partner",https://shop.local/plp,tx-d2a2e33546,1,411.40,USD,0,"Mozilla/5.0 (iPhone; CPU iPhone OS 17_5 like Mac OS X)","2025-08-10 23:02:06"
266,2a3c6a2fac42488f,"2025-08-10 13:04:06.823990",2025-08-10,user_vsigbi,1004,begin_checkout,"facebook / cpc",https://example.com/checkout,NULL,NULL,NULL,BRL,0,"Mozilla/5.0 (Macintosh; Intel Mac OS X 10_15_7)","2025-08-10 23:02:06"
267,28b7c4f8ca484fd9,"2025-08-07 05:22:06.823990",2025-08-07,user_s0cdk3,6703,purchase,"direct / (none)",http://shop.local/pdp,tx-c1b7cb30d3,4,1860.13,EUR,0,"Mozilla/5.0 (Linux; Android 13)","2025-08-10 23:02:06"
268,a29f36fb0e5f4634,"2025-08-08 09:37:06.823990",2025-08-08,user_susmes,5222,page_view,"email / mkt",http://site.test/search,NULL,NULL,NULL,BRL,0,"Mozilla/5.0 (iPhone; CPU iPhone OS 17_5 like Mac OS X)","2025-08-10 23:02:06"
269,bd9986389ba5459c,"2025-08-09 23:05:06.823990",2025-08-09,user_qvaecw,4610,add_to_cart,"email / mkt",https://site.test/about,NULL,NULL,NULL,USD,1,"Mozilla/5.0 (Macintosh; Intel Mac OS X 10_15_7)","2025-08-10 23:02:06"
270,ec1354effa5f4f95,"2025-08-07 17:15:06.823990",2025-08-07,user_dy3c7r,6792,page_view,"email / mkt",http://example.com/plp,NULL,NULL,NULL,BRL,0,"Mozilla/5.0 (Linux; Android 13)","2025-08-10 23:02:06"
271,e3d19882fac14089,"2025-08-10 06:26:06.823990",2025-08-10,user_iji44m,2747,purchase,"facebook / cpc",https://example.com/search,tx-be54f4a229,7,969.76,BRL,0,"Mozilla/5.0 (Windows NT 10.0; Win64; x64)","2025-08-10 23:02:06"
272,04994e882dd5441d,"2025-08-11 00:38:06.823990",2025-08-11,user_jg1so1,3101,begin_checkout,"direct / (none)",http://example.com/search,NULL,NULL,NULL,EUR,0,"Mozilla/5.0 (Windows NT 10.0; Win64; x64)","2025-08-10 23:02:06"
273,276e9d93d84d428c,"2025-08-10 11:58:06.823990",2025-08-10,user_g9zqya,4452,begin_checkout,"direct / (none)",https://shop.local/about,NULL,NULL,NULL,EUR,1,"Mozilla/5.0 (Macintosh; Intel Mac OS X 10_15_7)","2025-08-10 23:02:06"
274,e303a79bfdb64307,"2025-08-07 10:24:06.823990",2025-08-07,user_j8mgpp,7099,add_to_cart,"referral / partner",http://shop.local/checkout,NULL,NULL,NULL,USD,1,"Mozilla/5.0 (Linux; Android 13)","2025-08-10 23:02:06"
275,aadd9443a2fd484b,"2025-08-14 09:25:06.851605",2025-08-14,user_4h20ra,3203,view_page,"unknown / ???",,NULL,NULL,NULL,NULL,1,"Mozilla/5.0 (Macintosh; Intel Mac OS X 10_15_7)","2025-08-10 23:02:06"
276,adddddc7199f4bbd,"2025-08-09 06:47:06.823990",2025-08-09,user_4bdfhj,2577,purchase,"email / mkt",http://shop.local/checkout,tx-94d6eb0e8e,3,49.47,USD,1,"Mozilla/5.0 (Macintosh; Intel Mac OS X 10_15_7)","2025-08-10 23:02:06"
277,748a38101d464e00,"2025-08-09 12:42:06.823990",2025-08-09,user_huxg2m,9363,page_view,"email / mkt",http://shop.local/home,NULL,NULL,NULL,EUR,1,"Mozilla/5.0 (Macintosh; Intel Mac OS X 10_15_7)","2025-08-10 23:02:06"
278,62c192e1efe347ba,"2025-08-09 17:29:06.823990",2025-08-09,user_3mwu4c,3654,purchase,"facebook / cpc",https://shop.local/about,tx-77e2fd4914,6,542.27,BRL,1,"Mozilla/5.0 (Macintosh; Intel Mac OS X 10_15_7)","2025-08-10 23:02:06"
279,e62e77828ade4e78,"2025-08-10 12:39:06.823990",2025-08-10,user_5nv8og,1378,purchase,"email / mkt",https://example.com/checkout,tx-eb7bf6ba3b,2,342.15,USD,0,"Mozilla/5.0 (Windows NT 10.0; Win64; x64)","2025-08-10 23:02:06"
280,048bedf6491c485d,"2025-08-06 05:37:06.823990",2025-08-06,user_s9dwd7,4757,signup,NULL,htp:/broken,NULL,NULL,NULL,R$,0,"Mozilla/5.0 (iPhone; CPU iPhone OS 17_5 like Mac OS X)","2025-08-10 23:02:06"
281,1d10c52c4c264ffd,"2025-08-10 20:31:06.823990",2025-08-10,user_gbm65q,9856,add_to_cart,"facebook / cpc",http://shop.local/plp,NULL,NULL,NULL,EUR,0,"Mozilla/5.0 (Linux; Android 13)","2025-08-10 23:02:06"
282,6a531fc18b0b4a76,"2025-08-09 01:30:06.823990",2025-08-09,user_xt6rid,6044,purchase,"referral / partner",http://shop.local/checkout,tx-741fc427ad,1,1051.40,USD,1,"Mozilla/5.0 (Windows NT 10.0; Win64; x64)","2025-08-10 23:02:06"
283,9ec79d941dcf4bea,"2025-08-09 23:56:06.823990",2025-08-09,user_8rapki,NULL,random_event,NULL,://no-scheme,NULL,NULL,NULL,R$,1,"Mozilla/5.0 (iPhone; CPU iPhone OS 17_5 like Mac OS X)","2025-08-10 23:02:06"
284,c199200f7ff14502,"2025-08-10 03:38:06.823990",2025-08-10,user_0onjpi,5454,purchase,"facebook / cpc",http://shop.local/contact,tx-af4729ad1e,2,281.88,BRL,1,"Mozilla/5.0 (Windows NT 10.0; Win64; x64)","2025-08-10 23:02:06"
285,6ab6369e1696483b,"2025-08-08 15:51:06.823990",2025-08-08,user_jwgabt,4046,page_view,"direct / (none)",http://example.com/checkout,NULL,NULL,NULL,EUR,1,"Mozilla/5.0 (iPhone; CPU iPhone OS 17_5 like Mac OS X)","2025-08-10 23:02:06"
286,220140804ea846eb,"2025-08-06 22:36:06.823990",2025-08-06,user_ahp2rn,1519,page_view,"facebook / cpc",https://shop.local/plp,NULL,NULL,NULL,BRL,1,"Mozilla/5.0 (iPhone; CPU iPhone OS 17_5 like Mac OS X)","2025-08-10 23:02:06"
287,75f383765622408d,"2025-08-07 02:49:06.823990",2025-08-07,user_g433e1,5078,page_view,"referral / partner",http://shop.local/pdp,NULL,NULL,NULL,USD,0,"Mozilla/5.0 (Windows NT 10.0; Win64; x64)","2025-08-10 23:02:06"
288,250b430ea7e04f47,"2025-08-07 06:29:06.823990",2025-08-07,user_yllwb7,5150,random_event,NULL,just-text,NULL,NULL,NULL,NULL,0,"Mozilla/5.0 (Linux; Android 13)","2025-08-10 23:02:06"
289,7418b846ce4846b2,"2025-08-07 07:46:06.823990",2025-08-07,user_9ipa2v,7484,begin_checkout,"google / cpc",https://example.com/,NULL,NULL,NULL,EUR,1,"Mozilla/5.0 (iPhone; CPU iPhone OS 17_5 like Mac OS X)","2025-08-10 23:02:06"
290,09dd37f4e0db4d35,"2025-08-07 11:59:06.823990",2025-08-07,user_fdw79w,1979,add_to_cart,"email / mkt",https://shop.local/home,NULL,NULL,NULL,BRL,1,"Mozilla/5.0 (Linux; Android 13)","2025-08-10 23:02:06"
291,1692a0d3a238413b,"2025-08-10 09:20:06.823990",2025-08-10,user_m60an0,5107,begin_checkout,"referral / partner",http://example.com/search,NULL,NULL,NULL,EUR,1,"Mozilla/5.0 (iPhone; CPU iPhone OS 17_5 like Mac OS X)","2025-08-10 23:02:06"
292,02a39ea6bfc7471e,"2025-08-09 04:15:06.823990",2025-08-09,user_m0j36t,2128,add_to_cart,"referral / partner",https://site.test/search,NULL,NULL,NULL,BRL,1,"Mozilla/5.0 (Macintosh; Intel Mac OS X 10_15_7)","2025-08-10 23:02:06"
293,311ad100fd4644bc,"2025-08-10 11:58:06.823990",2025-08-10,user_wnga41,4912,begin_checkout,"direct / (none)",https://shop.local/contact,NULL,NULL,NULL,BRL,1,"Mozilla/5.0 (iPhone; CPU iPhone OS 17_5 like Mac OS X)","2025-08-10 23:02:06"
294,95c3fbbb9bdf4ebb,"2025-08-07 22:04:06.823990",2025-08-07,user_oldxb7,3926,add_to_cart,"referral / partner",https://example.com/home,NULL,NULL,NULL,USD,1,"Mozilla/5.0 (Windows NT 10.0; Win64; x64)","2025-08-10 23:02:06"
295,b1845c099d4a4b73,"2025-08-10 20:12:06.823990",2025-08-10,user_nrwvbh,2161,page_view,"referral / partner",https://example.com/search,NULL,NULL,NULL,EUR,0,"Mozilla/5.0 (Windows NT 10.0; Win64; x64)","2025-08-10 23:02:06"
296,a3f59e80a631457d,"2025-08-14 03:02:06.853319",2025-08-14,user_3jbck8,2591,purchaseX,"unknown / ???",NULL,NULL,NULL,NULL,NULL,0,"Mozilla/5.0 (iPhone; CPU iPhone OS 17_5 like Mac OS X)","2025-08-10 23:02:06"
297,47376c895cf74f56,"2025-08-09 19:43:06.823990",2025-08-09,user_iwg0od,6864,add_to_cart,"facebook / cpc",http://site.test/contact,NULL,NULL,NULL,EUR,0,"Mozilla/5.0 (Linux; Android 13)","2025-08-10 23:02:06"
298,d01f084d9c364ad8,"2025-08-08 22:56:06.823990",2025-08-08,user_mf9pml,6319,add_to_cart,"referral / partner",http://shop.local/contact,NULL,NULL,NULL,USD,0,"Mozilla/5.0 (Macintosh; Intel Mac OS X 10_15_7)","2025-08-10 23:02:06"
299,8de2d75a4a904eac,"2025-08-07 07:14:06.823990",2025-08-07,user_nt0mq8,1003,add_to_cart,"referral / partner",https://site.test/checkout,NULL,NULL,NULL,EUR,1,"Mozilla/5.0 (Linux; Android 13)","2025-08-10 23:02:06"
300,95b9c4fdaf5e4af8,"2025-08-07 08:19:06.823990",2025-08-07,user_hl1737,9376,begin_checkout,"google / cpc",https://site.test/home,NULL,NULL,NULL,USD,1,"Mozilla/5.0 (Macintosh; Intel Mac OS X 10_15_7)","2025-08-10 23:02:06"
